E_total,E_rest,E_GR,E_SR,E_normalized,gamma_gr_max,gamma_sr_max,z_gr_max,success,error,name,category,mass_Msun,radius_km,r_s_km,r_over_rs
8.987557491920878e+16,8.987551787368176e+16,38030360622.42514,19015166401.220863,1.0000006347170884,1.0000019252072574,1.0000009626022388,-2.1272940964323084e-08,True,,Sun,main_sequence,1.0,695700.0,2.95325007610025,235570.9750522272
8.987558665506795e+16,8.987551787368176e+16,45854270940.098404,22927115247.487255,1.000000765296132,1.0000023212769908,1.000001160636475,-2.564937284788016e-08,True,,Sirius A,main_sequence,2.063,1190342.7,6.092554906994816,195376.60606609823
8.987556943684261e+16,8.987551787368176e+16,34375448142.278854,17187712705.755016,1.0000005737175381,1.000001740184739,1.000000870091234,-1.9228505121482442e-08,True,,Vega,main_sequence,2.135,1643243.4000000001,6.305188912474033,260617.63141609402
8.98836559766423e+16,8.987551787368176e+16,5425566929005.145,2712536031532.762,1.0000905486071523,1.000237798418091,1.000118878006034,-5.0113211405022895e-06,True,,Sirius B,white_dwarf,1.018,6010.848,3.006408577470054,1999.3450141957203
8.98788871124619e+16,8.987551787368176e+16,2246187458982.3716,1123051321170.19,1.0000374878371758,1.000098438614001,1.0000492156733691,-2.074908228344441e-06,True,,Procyon B,white_dwarf,0.602,8584.938,1.7778565458123505,4828.813674658611
9.721987852541285e+16,8.987551787368176e+16,5013172574263307.0,2331188077467769.0,1.081717032908266,1.1993465954610871,1.086186391067264,-0.007826155214646136,True,,PSR J0030+0451,neutron_star,1.34,12.71,3.957355101974335,3.2117410928473284
1.0258696598898214e+17,8.987551787368176e+16,8841247263015366.0,3870200852285028.0,1.1414339345801163,1.393925902505197,1.1490988349860443,-0.012491062499658256,True,,PSR J0740+6620,neutron_star,2.08,12.39,6.142760158288519,2.0170085890919878
8.987556934855963e+16,8.987551787368176e+16,34316592804.335144,17158285075.977478,1.0000005727352574,1.0000017372053076,1.000000868601522,-1.9195583234044022e-08,True,,Kepler-11,exoplanet_host,0.961,740920.5,2.8380733231323396,261064.60814840999
8.987556084924205e+16,8.987551787368176e+16,28650378788.1953,14325181498.787397,1.0000004781675957,1.0000014503648371,1.0000007251816296,-1.6026091342880022e-08,True,,TRAPPIST-1,exoplanet_host,0.0898,82927.44,0.2652018568338025,312695.5481762303
